SessionID,Game,BetAmount,Multiplier,Status,Timestamp
45cbe3e0acc942bdbcc89b1d84f62292,Double,1898,33,Win,2026-10-07 12:43:27
0363ab779f4741c0b906621510f448bf,Mines,1899,31,Win,2026-10-07 12:44:52
8a80e870cc574dfb81bd2bdf89148039,Crash,3859,79,Loss,2026-10-07 12:46:21
551f9ae17e23444fa081495d2a41a55f,Roulette,4185,99,Loss,2026-10-07 12:47:51
2cd7400a4b8b46cf8db67c3bae588524,Double,1952,13,Loss,2026-10-07 12:49:15
766fe0d46b014f7e839018a93e382ed3,Roulette,1368,94,Win,2026-10-07 12:50:44
0be2e6b5202a434f8d9d3a784682f2b2,Mines,4541,96,Win,2026-10-07 12:51:20
22bf478ce8404c4298ee911c8d61c5e4,Double,2490,94,Loss,2026-10-07 12:51:58
1251ef43cb44466b9e741b4d8da7248b,Slots,1343,57,Win,2026-10-07 12:52:37
2e9062e3cfc7442096c95c2da372116d,Double,84,21,Win,2026-10-07 12:53:18
9beaf30766d645c49878c8cbe7b7d1b7,Double,745,25,Loss,2026-10-07 12:53:58
be1481af44b74b159ca0ce95ddce7005,Mines,1277,83,Win,2026-10-07 12:54:40
560d336db1fc4fea83d7ad5e18b376a8,Roulette,976,93,Loss,2026-10-07 12:55:22
164e502b3f1a49aa987a47e053d94f6a,Roulette,3016,93,Win,2026-10-07 12:55:58
